Word,Frequency
the,4185
and,2643
to,2584
in,2582
of,2352
we,1378
that,1295
are,1163
a,1090
for,1041
this,896
is,817
as,805
our,805
have,611
with,579
school,546
be,544
case,531
week,514
transmission,511
will,496
incidence,458
from,421
more,394
these,391
covid,379
testing,374
on,357
new,353
has,332
counties,331
many,330
weeks,325
schools,322
not,321
s,315
rates,312
their,306
19,302
areas,301
children,296
but,292
risk,282
it,276
at,268
or,262
some,260
positivity,254
last,254
across,243
can,238
now,236
cases,234
data,229
by,226
also,226
individuals,225
over,223
than,220
which,220
hospitalizations,215
may,215
000,214
been,211
country,206
all,206
they,201
continue,198
pandemic,194
states,181
see,179
weekly,176
an,176
most,175
while,175
community,175
high,173
time,170
hospital,165
communities,163
test,161
were,161
health,160
students,160
100,159
vaccination,159
1,156
other,153
per,152
there,152
numbers,151
next,151
year,149
during,148
even,147
models,146
if,141
when,139
throughout,138
still,137
would,136
region,135
those,135
staff,135
likely,134
fall,129
increasing,123
state,123
safety,123
was,121
reproduction,120
seeing,119
how,118
should,118
public,118
projections,117
increased,114
increases,113
forecasts,113
however,112
county,111
where,111
distancing,111
vaccine,110
who,110
had,109
past,109
day,109
resurgence,108
coming,108
regions,107
well,107
model,106
york,105
masking,103
about,101
city,101
continued,100
census,100
winter,98
average,98
what,98
holiday,98
among,98
much,98
midwest,97
into,97
declining,97
need,97
vaccinated,97
spring,97
rate,96
summer,96
particularly,96
local,95
early,95
number,95
outbreaks,94
one,93
south,93
two,93
return,93
only,92
increase,91
below,91
us,89
infection,89
through,88
national,87
northeast,87
project,85
remain,85
like,85
quickly,85
decline,84
just,84
plans,84
disease,83
families,83
four,82
adult,82
trends,82
residents,81
evidence,81
guidance,81
team,80
reopening,80
peak,79
mitigation,79
such,79
additional,78
up,78
2,77
admissions,76
could,76
nearly,76
important,76
mask,76
around,74
area,74
before,73
after,72
declines,71
growth,71
including,71
daily,70
emergency,70
out,70
within,70
strategies,70
so,69
remains,69
its,68
virus,68
florida,68
adults,67
few,67
department,66
social,66
southeast,65
care,65
again,64
5,64
first,64
level,64
tests,64
growing,63
texas,63
outlook,62
example,62
might,62
down,61
similar,61
help,61
gatherings,61
lab,60
significant,60
people,60
locations,60
re,59
california,59
higher,59
person,59
mid,58
variant,58
back,58
leaders,58
protocols,58
weather,57
cities,57
visits,57
no,57
north,57
weekend,57
cdc,57
move,57
atlantic,56
michigan,56
continues,56
pediatric,56
further,56
each,56
large,56
positive,55
lower,55
follow,55
both,55
districts,55
period,54
metropolitan,54
provide,54
pcr,53
include,53
patients,53
very,53
already,53
do,53
less,53
saw,52
since,52
hospitalization,52
potential,52
philadelphia,52
instruction,52
infected,51
being,51
overall,51
along,51
following,51
upper,50
peaks,50
recent,50
them,50
approach,49
experiencing,49
here,49
spread,49
substantial,49
possible,49
50,48
given,48
washington,47
10,47
use,47
based,47
colorado,46
season,46
severe,46
yet,46
months,46
rapid,46
quarantine,46
assurance,46
suggest,45
learning,45
teachers,45
i,45
any,45
others,45
rising,45
access,45
asymptomatic,45
greater,45
education,45
seen,44
low,44
beginning,44
pennsylvania,44
related,43
northern,43
sustained,43
youth,43
improvements,43
challenges,43
activities,43
programs,43
restrictions,43
u,42
concerns,42
counts,42
between,42
update,42
carolina,42
university,42
whether,42
above,41
far,41
you,41
west,41
policylab,41
thanksgiving,41
college,41
forecasting,40
days,40
long,40
centers,40
different,40
impacts,40
reopen,40
every,39
current,39
moving,39
sars,39
cov,39
concern,39
travel,39
begin,39
consider,39
control,39
limited,39
couple,38
regional,38
experience,38
ve,38
full,38
population,38
12,38
virginia,38
measure,37
flat,37
support,37
because,37
mandates,37
surge,37
vaccines,36
reporting,36
40,36
near,36
come,36
work,36
prior,36
optimism,36
point,36
enforcement,36
highest,35
although,35
members,35
own,35
3,35
businesses,35
family,35
safely,35
under,35
best,35
open,35
pacific,34
northwest,34
show,34
take,34
beyond,34
soon,34
vaccinations,34
hospitalized,34
masks,34
departments,34
safe,34
recovery,34
widespread,34
holidays,33
forecast,33
end,33
another,33
difficult,33
younger,33
infections,33
reported,33
concerning,33
efforts,33
gathering,33
levels,33
immunity,33
way,33
c,33
major,33
minnesota,32
reached,32
arizona,32
improving,32
experienced,32
least,32
review,32
compared,32
finally,32
returning,32
normal,32
7,32
e,32
recommendations,32
despite,32
exposure,32
exposed,32
icu,32
wave,32
mountain,31
southwest,31
200,31
illinois,31
forward,31
impact,31
better,31
fully,31
alongside,31
behind,31
larger,31
measures,31
settings,31
strong,31
included,30
nation,30
same,30
age,30
rise,30
clear,30
allow,30
make,30
projected,30
emerging,30
program,30
colder,29
monitoring,29
must,29
too,29
ohio,29
variants,29
prevention,29
hope,29
d,29
ace,29
home,29
updates,28
ago,28
late,28
parts,28
thus,28
respiratory,28
effective,28
25,28
suspect,28
future,28
burden,28
georgia,28
tennessee,28
ahead,28
omicron,28
stay,28
crisis,28
against,27
reducing,27
recognize,27
post,27
findings,27
indiana,27
southern,27
therefore,27
become,27
seasonal,27
older,27
several,27
capacity,27
individual,27
until,27
close,27
reduce,27
able,27
classroom,27
temperatures,27
response,27
result,26
protect,26
strategy,26
toward,26
longer,26
led,26
denver,26
strains,26
unvaccinated,26
contact,26
houston,26
factors,26
sports,26
uncertainty,25
modeling,25
closely,25
los,25
angeles,25
30,25
lead,25
jersey,25
events,25
break,25
enough,25
t,25
monitor,25
approaches,25
periods,25
requirements,25
needs,25
effects,25
without,25
start,24
month,24
coverage,24
stable,24
news,24
half,24
once,24
corridor,24
opportunity,24
4,24
fewer,24
highly,24
san,24
does,24
questions,24
protection,24
classrooms,24
elementary,24
declined,23
chicago,23
watching,23
relatively,23
majority,23
signs,23
wearing,23
often,23
epidemic,23
atlanta,23
critical,23
indoor,23
labor,23
updated,23
improve,23
available,23
encourage,23
currently,23
includes,23
deaths,23
why,23
confidence,23
providing,23
get,23
cannot,22
earlier,22
note,22
decisions,22
parents,22
focus,22
potentially,22
essential,22
navigate,22
plan,22
noted,22
look,22
require,22
massachusetts,22
results,22
wisconsin,21
estimates,21
slower,21
received,21
expect,21
years,21
child,21
20,21
500,21
g,21
using,21
concerned,21
15,21
made,21
k,21
christmas,21
suggesting,21
january,21
commitment,21
observed,21
100k,21
alabama,21
occur,21
colleges,21
dropped,20
blog,20
united,20
strain,20
believe,20
anticipate,20
double,20
done,20
slowly,20
cautious,20
rapidly,20
occupancy,20
your,20
needed,20
change,20
did,20
march,20
beach,20
humidity,20
antigen,20
largest,20
remained,19
appears,19
place,19
second,19
821,19
maryland,19
400,19
2020,19
young,19
thresholds,19
clearly,19
reach,19
learned,19
fortunately,19
louisiana,19
mississippi,19
moment,19
learn,19
island,19
virtual,19
campus,19
improved,19
modest,19
utah,18
grow,18
improvement,18
fact,18
challenging,18
lives,18
95,18
specific,18
boroughs,18
especially,18
six,18
occurring,18
seattle,18
sizes,18
changes,18
provided,18
offer,18
surrounding,18
phoenix,18
leading,18
attention,18
though,18
district,18
worsening,18
campuses,18
linked,18
temperature,18
camp,18
greatest,17
lake,17
certainly,17
vaccinating,17
6,17
vulnerable,17
february,17
rather,17
required,17
proportion,17
southeastern,17
appear,17
certain,17
guidelines,17
miami,17
becoming,17
tracing,17
falling,17
value,17
coast,17
optimistic,17
keeping,17
particular,17
reports,17
outdoor,17
outbreak,17
viral,17
boston,17
officials,17
conditions,17
third,16
mexico,16
specifically,16
places,16
necessary,16
distribution,16
identify,16
know,16
england,16
slightly,16
said,16
restaurants,16
moved,16
receive,16
themselves,16
working,16
having,16
neighboring,16
found,16
additionally,16
effect,16
small,16
illness,16
encouraged,16
hopeful,16
symptoms,16
special,16
sufficient,16
dallas,16
analysis,16
non,16
300,16
limit,16
vigilance,16
kansas,16
destinations,16
memorial,16
projecting,16
degree,16
reaching,16
tested,16
policy,16
find,16
question,16
towns,16
reopenings,16
nationwide,16
magnitude,15
order,15
hampshire,15
0,15
indicating,15
70,15
80,15
later,15
benefits,15
group,15
baltimore,15
serve,15
reduced,15
began,15
associated,15
considered,15
hospitals,15
presence,15
creating,15
add,15
recently,15
used,15
resources,15
bring,15
sense,15
planning,15
upon,15
study,15
adding,15
then,15
flexibility,15
common,15
provides,15
pace,15
continuing,14
8,14
vermont,14
dakota,14
previous,14
60,14
reviewing,14
welcome,14
risks,14
starting,14
exceeding,14
central,14
contributing,14
report,14
pre,14
making,14
resume,14
natural,14
policies,14
crowded,14
maintain,14
ll,14
screening,14
collar,14
system,14
worst,14
symptomatic,14
addition,14
understand,14
frequent,14
advance,14
stalled,14
goal,14
relative,14
surveillance,14
key,14
off,14
ultimately,14
systems,14
situation,14
mindful,14
allowing,14
decision,14
behavioral,14
worsened,14
let,13
elevated,13
september,13
doubling,13
makes,13
increasingly,13
phase,13
main,13
total,13
measured,13
evident,13
due,13
approaching,13
benefit,13
surges,13
spreading,13
patterns,13
ability,13
surpassed,13
negative,13
ensure,13
revealed,13
unique,13
avoid,13
nationally,13
never,13
helpful,13
added,13
date,13
predict,13
portland,13
mean,13
balance,13
ground,13
term,13
process,13
preparing,13
iowa,13
success,13
employees,13
looking,13
journey,13
achieve,13
part,13
feel,13
heartland,13
task,13
equilibrium,13
camps,13
9,12
concentrated,12
november,12
bear,12
slow,12
likelihood,12
enter,12
latter,12
exceeded,12
detroit,12
patience,12
appropriate,12
workers,12
three,12
hopefully,12
american,12
august,12
carolinas,12
kentucky,12
keep,12
changing,12
2021,12
thirds,12
witnessed,12
chop,12
adolescents,12
schooling,12
itself,12
furthermore,12
viruses,12
wear,12
times,12
personal,12
simply,12
multiple,12
identified,12
five,12
real,12
december,12
going,12
suggests,12
little,12
nearing,12
molecular,12
recognizing,12
short,12
layer,12
surging,12
bars,12
true,12
away,12
feet,12
allowed,12
missouri,12
getting,12
demonstrating,12
protecting,12
kids,12
absolute,11
lowest,11
salt,11
rest,11
begins,11
dose,11
indoors,11
administration,11
regarding,11
mortality,11
secondary,11
footing,11
participation,11
effort,11
unchanged,11
released,11
caution,11
known,11
largely,11
practices,11
finding,11
services,11
practical,11
detected,11
good,11
progress,11
confident,11
sun,11
stabilization,11
focused,11
course,11
importantly,11
worse,11
reveal,11
drop,11
antonio,11
remainder,11
warmer,11
opening,11
vacation,11
bit,11
reopened,11
today,11
hygiene,11
facilities,11
play,11
bus,11
achieved,11
populations,11
size,11
recommended,11
exceed,11
athletes,11
extracurricular,11
dynamics,11
forecasted,11
vaccinate,11
context,11
urban,11
begun,11
delays,11
force,11
helping,11
rural,11
policymakers,11
layered,11
await,10
quarter,10
250,10
idaho,10
worsen,10
geographic,10
censuses,10
impacted,10
mild,10
physical,10
delaware,10
st,10
bay,10
transmissible,10
right,10
ever,10
accelerating,10
present,10
pressure,10
transition,10
rose,10
told,10
challenge,10
offered,10
isolation,10
consistent,10
90,10
possibility,10
lag,10
inform,10
beds,10
means,10
decreasing,10
points,10
create,10
belt,10
stabilizing,10
reassuring,10
austin,10
mo,10
comes,10
vigilant,10
share,10
choose,10
easy,10
galveston,10
understanding,10
whole,10
perhaps,10
prioritizing,10
face,10
federal,10
regular,10
watch,10
step,10
prevent,10
try,10
threshold,10
arrive,10
put,10
minneapolis,10
considering,10
great,10
multi,10
building,10
prepare,10
substantially,10
smaller,10
ece,10
availability,10
arrival,10
rhode,10
published,10
occurred,10
uncertain,9
alaska,9
800,9
showing,9
maine,9
hit,9
variation,9
endemic,9
reasons,9
emerge,9
connecticut,9
600,9
stabilize,9
valley,9
springs,9
sacramento,9
homes,9
surprised,9
build,9
offering,9
unfortunately,9
75,9
slowing,9
outside,9
doubled,9
routines,9
set,9
requires,9
mostly,9
consequences,9
knowledge,9
experts,9
prolonged,9
shifting,9
direction,9
student,9
signals,9
mitigate,9
space,9
adjacent,9
variable,9
carefully,9
estimate,9
contagious,9
eliminate,9
northeastern,9
rim,9
east,9
circulating,9
novel,9
interpretation,9
universities,9
detecting,9
orleans,9
head,9
meanwhile,9
hotspots,9
july,9
metro,9
activity,9
nature,9
shore,9
reasonable,9
room,9
assuming,9
issues,9
funding,9
widely,9
limitations,9
financial,9
maintaining,9
trying,9
ourselves,9
ga,9
say,9
rs,9
ind,9
va,9
shift,9
achieving,9
middle,9
started,9
morbidity,9
allows,9
information,9
unlikely,9
path,9
assess,9
oregon,9
happening,9
teams,9
window,9
tell,9
validation,9
montana,8
wider,8
climbing,8
developing,8
accompanied,8
11,8
media,8
700,8
type,8
campaigns,8
americans,8
highlighting,8
16,8
warning,8
witnessing,8
urge,8
corner,8
seem,8
groups,8
decrease,8
effectiveness,8
receiving,8
confirm,8
action,8
sometimes,8
picture,8
abated,8
outlier,8
amongst,8
accelerated,8
2022,8
taking,8
somewhat,8
milder,8
clinical,8
closures,8
influenza,8
buildings,8
regardless,8
timing,8
symptom,8
assume,8
absence,8
develop,8
complete,8
followed,8
pose,8
trial,8
interventions,8
posts,8
conducted,8
faced,8
trend,8
entire,8
guard,8
top,8
francisco,8
indianapolis,8
wish,8
metrics,8
opportunities,8
either,8
reminder,8
tampa,8
big,8
densely,8
louis,8
midwestern,8
go,8
nursing,8
subsequent,8
mass,8
observing,8
coronavirus,8
nevada,8
tools,8
entirely,8
confer,8
priority,8
limiting,8
private,8
importance,8
seek,8
fallen,8
hybrid,8
resuming,8
persist,8
infectious,8
violence,8
evolving,8
accelerate,8
herd,8
expected,8
minimize,8
online,8
predicted,8
helped,8
unmasked,8
reason,8
strengthen,8
side,8
ventilation,8
became,8
enforce,8
gather,7
recommendation,7
safer,7
leads,7
aware,7
death,7
educational,7
collective,7
anxiety,7
b,7
identifying,7
studies,7
inventory,7
actions,7
playing,7
optional,7
notably,7
accumulating,7
protective,7
northward,7
teens,7
immediately,7
reliable,7
accurate,7
confirmed,7
812,7
story,7
leadership,7
requiring,7
asked,7
avert,7
pivot,7
prioritize,7
advise,7
recommend,7
primary,7
eligible,7
fell,7
outdoors,7
human,7
highlights,7
percent,7
assessment,7
tool,7
wyoming,7
cautiously,7
hover,7
steady,7
steep,7
slight,7
road,7
ample,7
anticipated,7
remaining,7
informed,7
behavior,7
orlando,7
la,7
populated,7
think,7
lot,7
greatly,7
traffic,7
height,7
severity,7
determine,7
targeted,7
drivers,7
poor,7
mental,7
issue,7
practice,7
efficient,7
range,7
statewide,7
repopulate,7
everyone,7
reduction,7
role,7
halloween,7
hovering,7
foot,7
operations,7
incorporate,7
interpret,7
predictions,7
opened,7
appropriately,7
ways,7
environments,7
live,7
gun,7
demonstrated,7
sustain,7
things,7
persistent,7
hard,7
pattern,7
climb,7
scenario,7
albeit,7
oklahoma,7
halt,7
fortunate,7
driven,7
localities,7
happen,7
sensible,7
governments,7
final,7
desert,6
struggle,6
modestly,6
predicting,6
food,6
doses,6
johnson,6
agree,6
diseases,6
childhood,6
preventing,6
caregivers,6
waves,6
becomes,6
join,6
indicates,6
reaches,6
dropping,6
midst,6
looked,6
venues,6
traveling,6
embrace,6
waited,6
fatigue,6
defined,6
completely,6
want,6
18,6
31,6
tail,6
extremely,6
foresee,6
message,6
experiences,6
instead,6
shown,6
research,6
advantage,6
fear,6
strict,6
actually,6
significantly,6
resilient,6
returns,6
reflect,6
challenged,6
demand,6
adapt,6
grown,6
environment,6
prepared,6
setting,6
manage,6
staffing,6
shortages,6
reductions,6
introducing,6
onset,6
household,6
isolate,6
otherwise,6
single,6
speculation,6
819,6
median,6
fatalities,6
careful,6
environmental,6
susceptible,6
behaviors,6
uptake,6
beset,6
random,6
capture,6
occupied,6
detect,6
million,6
revert,6
delivery,6
simultaneously,6
easier,6
line,6
150,6
staten,6
except,6
las,6
vegas,6
almost,6
lack,6
steps,6
calif,6
president,6
source,6
immediate,6
always,6
leave,6
contain,6
coastal,6
elsewhere,6
arkansas,6
field,6
thought,6
agencies,6
highlighted,6
participate,6
don,6
heard,6
noting,6
overcome,6
dr,6
together,6
reliably,6
takes,6
instance,6
extend,6
act,6
arts,6
easily,6
independent,6
implement,6
dire,6
epicenters,6
wait,6
fourth,6
responses,6
governors,6
orders,6
bend,6
notre,6
dame,6
toll,6
worrisome,6
adherence,6
opinion,6
stand,6
practicing,6
enforced,6
examine,6
peaked,6
ages,6
swift,6
worth,6
bears,6
net,6
extent,6
multilayered,6
academic,6
maximize,6
implemented,6
turning,6
adjust,6
navigating,6
facing,6
stabilized,6
service,6
terms,6
color,6
economic,6
according,6
dramatically,6
arrives,6
pa,6
consistently,6
valuable,6
transmit,6
quite,6
brighter,6
density,6
convinced,6
white,6
house,6
stronger,6
quick,6
recover,6
april,6
dramatic,6
translate,6
abate,6
mixed,6
curve,6
wide,6
apparent,6
dynamic,6
accumulated,6
resulting,6
commit,6
account,6
masked,6
doing,6
combination,6
discuss,6
latest,6
brief,6
complex,6
previously,6
business,6
yes,6
r,6
compliance,6
customers,6
seasons,6
resilience,6
813,5
comfort,5
respectively,5
supports,5
seems,5
wonder,5
address,5
remind,5
readers,5
lost,5
illnesses,5
grandparents,5
emotional,5
caused,5
old,5
contribute,5
upstate,5
suggested,5
kingdom,5
changed,5
tracking,5
track,5
persists,5
eliminating,5
ideal,5
series,5
flu,5
friends,5
assumptions,5
unreliable,5
temperate,5
proving,5
lagging,5
planned,5
revealing,5
epidemiology,5
closer,5
amidst,5
spectrum,5
twice,5
admitted,5
consensus,5
conclude,5
solutions,5
feasible,5
resourced,5
disproportionately,5
whose,5
heightened,5
reviewed,5
emphasis,5
emphasize,5
opt,5
prioritized,5
strongly,5
flexible,5
happy,5
chance,5
queens,5
brooklyn,5
spend,5
responsible,5
guide,5
reviews,5
notes,5
observations,5
rolling,5
acute,5
evolve,5
roll,5
speed,5
diego,5
implementation,5
contacts,5
horizon,5
volume,5
decreased,5
represent,5
influence,5
forces,5
bringing,5
rules,5
encouraging,5
event,5
interesting,5
meatpacking,5
richmond,5
flattening,5
curves,5
favorable,5
corridors,5
interest,5
popular,5
alone,5
hand,5
kings,5
suburbs,5
charlotte,5
messaging,5
examples,5
disproportionate,5
hesitancy,5
disparities,5
fits,5
barriers,5
deployed,5
ensuring,5
options,5
robust,5
samples,5
miss,5
tremendous,5
traditional,5
participating,5
conduct,5
maintained,5
watched,5
epidemics,5
kept,5
returned,5
scenarios,5
pause,5
universal,5
remote,5
light,5
choices,5
ongoing,5
requirement,5
recommending,5
successful,5
viewed,5
ready,5
focusing,5
theater,5
graduation,5
vs,5
mis,5
threat,5
world,5
assessing,5
resumption,5
responding,5
responsive,5
huge,5
exacerbated,5
layers,5
medical,5
ones,5
survey,5
trust,5
depend,5
mind,5
infrastructure,5
extra,5
signal,5
happens,5
ten,5
hasten,5
arrived,5
rely,5
stress,5
fragile,5
tenuous,5
shows,5
suburban,5
jama,5
release,5
interpreting,5
actual,5
raise,5
wrong,5
biggest,5
maricopa,5
purdue,5
worked,5
demonstrate,5
blunt,5
quarantines,5
exposures,5
adopt,5
similarly,5
poorly,5
exist,5
normalcy,5
aimed,5
stories,5
trials,5
resolve,5
answer,5
doesn,5
unless,5
lessons,5
performance,5
conversations,5
respond,5
equipped,5
difficulty,5
violations,5
subset,5
incorporating,5
wet,5
bulb,5
foundational,5
trajectory,4
happened,4
raised,4
western,4
differences,4
fold,4
upcoming,4
duration,4
bump,4
fda,4
booster,4
played,4
alleviate,4
absenteeism,4
inclusive,4
insufficient,4
disruption,4
looks,4
bracing,4
seven,4
appeared,4
abrupt,4
interestingly,4
underestimate,4
proven,4
simple,4
sporting,4
distance,4
resumed,4
cause,4
determining,4
contrast,4
65,4
stage,4
won,4
supply,4
suspected,4
surpassing,4
coastline,4
92,4
recorded,4
stock,4
entirety,4
truth,4
left,4
obtain,4
extreme,4
resulted,4
simultaneous,4
aged,4
shoulder,4
member,4
chronic,4
attending,4
pfizer,4
epidemiological,4
broad,4
africa,4
efficacy,4
indicators,4
something,4
alike,4
identification,4
recording,4
awareness,4
acceleration,4
celebrate,4
paradoxical,4
flint,4
85,4
omaha,4
plateau,4
weekends,4
coupled,4
emergence,4
inconsistent,4
nonetheless,4
opposing,4
amount,4
run,4
fort,4
fairly,4
hilton,4
myrtle,4
bright,4
quell,4
nashville,4
relax,4
felt,4
imperial,4
inland,4
demonstrations,4
racial,4
race,4
bronx,4
rooms,4
ventilator,4
sharp,4
rounding,4
promise,4
boost,4
seeks,4
procedures,4
select,4
lunch,4
professionals,4
healthy,4
historically,4
partners,4
highlight,4
assist,4
adopted,4
implementing,4
personnel,4
prevalence,4
various,4
batch,4
costs,4
nurses,4
passed,4
perfect,4
captured,4
unfolding,4
closed,4
sheer,4
overwhelm,4
bar,4
ala,4
insights,4
initial,4
degrade,4
failed,4
running,4
none,4
decreases,4
worry,4
criticism,4
developments,4
reflects,4
evolution,4
met,4
expanding,4
strength,4
considerations,4
considerable,4
wind,4
prom,4
accounted,4
syndrome,4
history,4
disruptions,4
underlying,4
aim,4
promoting,4
authorities,4
landscape,4
tried,4
insurance,4
paid,4
implications,4
discussed,4
utilization,4
arguably,4
visit,4
mich,4
n,4
resist,4
serious,4
confirming,4
sustaining,4
harder,4
square,4
anchorage,4
w,4
ore,4
neighbors,4
concentrating,4
milwaukee,4
newly,4
vary,4
newark,4
ski,4
stubbornly,4
explain,4
circumstances,4
absences,4
assure,4
protected,4
life,4
showed,4
thereafter,4
colleagues,4
mitigating,4
excited,4
holding,4
storm,4
frequently,4
list,4
network,4
variability,4
fastest,4
caseloads,4
committed,4
knowing,4
beneficial,4
seasonality,4
phenomenon,4
averages,4
hold,4
wash,4
lots,4
incremental,4
eye,4
delicate,4
stands,4
pediatrics,4
reveals,4
contributed,4
optimizing,4
attack,4
emerged,4
randomized,4
leagues,4
parties,4
subside,4
possibly,4
pivoting,4
projects,4
airport,4
international,4
drive,4
design,4
mandate,4
recognized,4
hurricane,4
parameters,4
cooler,4
spokane,4
warnings,4
abating,4
defining,4
performed,4
stages,4
bias,4
moderate,4
save,4
messages,4
strengthening,4
shared,4
enforcing,4
law,4
ambassadors,4
emphasizing,4
acknowledge,4
location,4
disinfection,4
motivated,4
originate,4
attributed,4
adjustments,4
caroline,4
wayne,4
prioritization,4
slowed,4
immune,4
nov,4
hunker,4
grows,3
extending,3
optimization,3
shorter,3
widening,3
drug,3
debate,3
opinions,3
position,3
zero,3
exceeds,3
preserve,3
active,3
reverse,3
macomb,3
abandoning,3
form,3
abandon,3
mobility,3
variables,3
graphs,3
expressed,3
stated,3
appreciate,3
turned,3
acquired,3
lose,3
direct,3
advising,3
turn,3
virulence,3
reinforce,3
nevertheless,3
avoided,3
savannah,3
insulate,3
mixing,3
virulent,3
approached,3
amplified,3
statistics,3
overstated,3
competing,3
towards,3
failure,3
equity,3
releasing,3
routine,3
status,3
please,3
voluntary,3
modified,3
attend,3
elect,3
option,3
transitioning,3
starts,3
telling,3
45,3
uk,3
dense,3
innate,3
shape,3
relied,3
sensitive,3
instantaneous,3
supporting,3
sobering,3
representing,3
foremost,3
enhance,3
hesitant,3
improves,3
commitments,3
tragedy,3
cleveland,3
pittsburgh,3
limits,3
seeking,3
relaxation,3
21,3
staying,3
proximity,3
call,3
handle,3
relief,3
visiting,3
america,3
converging,3
relaxed,3
madison,3
regards,3
mentioned,3
commuting,3
prisons,3
manhattan,3
jacksonville,3
summit,3
metric,3
inoculums,3
gaining,3
partner,3
relevant,3
cost,3
anyone,3
teacher,3
superior,3
police,3
chain,3
critically,3
addressing,3
buses,3
advised,3
urgency,3
launch,3
urgent,3
affordable,3
companies,3
pooled,3
regulatory,3
advantages,3
reassurance,3
conducting,3
perspective,3
accuracy,3
pool,3
aggregating,3
administering,3
leveraging,3
municipalities,3
utilizing,3
applaud,3
rescue,3
insight,3
entered,3
trained,3
worried,3
introduced,3
fragmented,3
crises,3
came,3
dare,3
auburn,3
tuscaloosa,3
institute,3
problems,3
manageable,3
fair,3
onto,3
hear,3
minimum,3
predictably,3
reversing,3
stringent,3
bolder,3
spaces,3
containing,3
82,3
tacoma,3
authorization,3
announcement,3
relatives,3
inflection,3
leg,3
steadfast,3
specifics,3
hawaii,3
super,3
bowl,3
subtle,3
breaking,3
welcomed,3
view,3
grades,3
positioned,3
repopulating,3
flex,3
lunchtime,3
recommends,3
justification,3
locker,3
held,3
instruments,3
whenever,3
likewise,3
addressed,3
wrote,3
proportional,3
partial,3
reinforced,3
fatality,3
routinely,3
measles,3
varicella,3
suffering,3
inflammatory,3
unknown,3
investigation,3
gaps,3
evaluating,3
threaten,3
pressing,3
pivoted,3
organizations,3
tirelessly,3
poverty,3
permanent,3
employer,3
income,3
enrollment,3
inequities,3
internet,3
quality,3
outcomes,3
researchers,3
peer,3
existing,3
loved,3
october,3
sales,3
sti,3
caregiving,3
fears,3
signaling,3
standing,3
society,3
resource,3
hub,3
surpass,3
buffalo,3
green,3
ariz,3
approximately,3
affect,3
recovering,3
numerous,3
host,3
unexpected,3
rises,3
free,3
warrant,3
complacent,3
mile,3
represented,3
charleston,3
columbia,3
athens,3
el,3
paso,3
prefer,3
vacations,3
neighborhoods,3
inevitable,3
publication,3
successfully,3
fail,3
maybe,3
brings,3
simplify,3
drops,3
35,3
resembles,3
delayed,3
13,3
tide,3
doors,3
alter,3
sectors,3
anticipation,3
takeaway,3
adhere,3
standards,3
dominoes,3
announced,3
situations,3
flatten,3
proof,3
aspects,3
observe,3
originating,3
compare,3
spots,3
211,3
tuned,3
general,3
documented,3
birmingham,3
typical,3
precipice,3
eve,3
eventually,3
realized,3
murder,3
george,3
floyd,3
detail,3
droplets,3
balanced,3
tenn,3
exception,3
faster,3
indicator,3
heat,3
contained,3
bearings,3
driving,3
clusters,3
runway,3
pediatricians,3
involved,3
properly,3
turns,3
fla,3
extended,3
mismatch,3
confirms,3
raises,3
economy,3
fundamental,3
varying,3
sort,3
hot,3
plateauing,3
uniformly,3
clearer,3
renewed,3
choosing,3
permitting,3
round,3
calculus,3
developed,3
tempered,3
gets,3
directly,3
gameplay,3
football,3
whom,3
inevitably,3
tradeoffs,3
managing,3
lessen,3
breaks,3
windows,3
solid,3
essex,3
enacted,3
explosive,3
movement,3
permit,3
methods,3
jing,3
fashion,3
endpoints,3
effectively,3
combat,3
attempt,3
undermine,3
notice,3
morgantown,3
cold,3
integrity,3
outlets,3
produced,3
problem,3
lived,3
locally,3
incorporated,3
collaboration,3
sure,3
reasonably,3
built,3
separate,3
target,3
wanted,3
meaningfully,3
desire,3
lockdowns,3
discussions,3
823,3
continually,3
reassured,3
created,3
executive,3
agency,3
penalties,3
owners,3
citations,3
intervention,3
offenders,3
differentiate,3
mitigated,3
nebraska,3
mutations,3
details,3
delta,3
basic,3
pueblo,3
inability,3
optimize,3
removing,3
rockland,3
validating,3
proceed,3
answers,3
apart,3
attendance,3
screen,3
nuanced,3
component,3
attendees,3
participants,3
counselors,3
transitions,3
collins,3
jeffrey,3
grateful,3
uncertainties,3
successes,3
prompt,3
actively,3
virtually,3
thing,3
distances,3
congregate,3
terrific,3
supported,3
discussion,3
rock,3
governor,3
bad,3
causes,3
upticks,3
bumpy,3
vacationers,3
residuals,3
overview,2
pronounced,2
mirroring,2
spreads,2
uptick,2
moderna,2
awaiting,2
meeting,2
impactful,2
sooner,2
died,2
complications,2
breakthrough,2
56,2
background,2
unprecedented,2
undergo,2
rigorous,2
approval,2
surged,2
coasts,2
pushed,2
originated,2
infect,2
breeches,2
sidelines,2
unacast,2
stores,2
percentage,2
reminds,2
marked,2
declare,2
64,2
completed,2
accessible,2
deter,2
nor,2
stretches,2
sight,2
explanation,2
exercise,2
recalibrate,2
pick,2
referenced,2
gathered,2
chosen,2
nice,2
gained,2
give,2
columbus,2
neither,2
circumstantial,2
demonstrates,2
soaring,2
125,2
capital,2
combined,2
entertainment,2
eventual,2
struggling,2
admission,2
unrelated,2
jan,2
14,2
650,2
record,2
22,2
weary,2
abandoned,2
predictable,2
neared,2
sought,2
providers,2
understandably,2
statement,2
endorsed,2
globally,2
sites,2
loss,2
typically,2
encounter,2
overwhelmed,2
sustainable,2
resolving,2
resolution,2
fever,2
permits,2
biontech,2
bound,2
fighting,2
generated,2
emblematic,2
prompted,2
characteristics,2
favor,2
properties,2
viewing,2
slope,2
called,2
difference,2
visualizations,2
website,2
features,2
map,2
guiding,2
predicts,2
falls,2
passing,2
usually,2
surprise,2
nears,2
conclusion,2
26,2
license,2
looming,2
threatens,2
truly,2
individually,2
redouble,2
rt,2
eighty,2
akron,2
hometown,2
heading,2
escalation,2
predetermined,2
flattened,2
kalamazoo,2
140,2
impressive,2
topeka,2
neb,2
teeter,2
signaled,2
superbowl,2
isolates,2
dominant,2
vast,2
facts,2
monitored,2
guided,2
tends,2
schedules,2
electing,2
seclusion,2
resorts,2
ask,2
traveled,2
voluntarily,2
trigger,2
regularly,2
parks,2
air,2
hangs,2
shifts,2
epicenter,2
parishes,2
133,2
staggering,2
helps,2
rewarded,2
shelter,2
confined,2
empire,2
travelers,2
migration,2
seeded,2
extinguish,2
plants,2
scope,2
norfolk,2
utilized,2
greensboro,2
expand,2
posted,2
borne,2
hypothesize,2
easing,2
precarious,2
equip,2
expediting,2
cue,2
nba,2
interested,2
works,2
constraints,2
eat,2
advocacy,2
fire,2
equally,2
recognizes,2
receipt,2
rollout,2
momentum,2
supplement,2
surveys,2
innovative,2
cohesive,2
onsite,2
integrated,2
disrupting,2
salient,2
regularity,2
altered,2
longitudinal,2
randomly,2
nasal,2
swabs,2
grange,2
immediacy,2
portion,2
produce,2
minutes,2
deploy,2
opted,2
closing,2
site,2
convenient,2
processing,2
northborough,2
southborough,2
partnering,2
lowers,2
funds,2
mechanisms,2
130,2
billion,2
grants,2
screens,2
evaluation,2
music,2
performing,2
charter,2
frequency,2
powerful,2
busiest,2
deteriorating,2
tulsa,2
greenville,2
sign,2
wilmington,2
emboldened,2
forced,2
runaway,2
sweeping,2
resemble,2
worsens,2
located,2
empty,2
rehoboth,2
destination,2
steadily,2
mistake,2
decisive,2
assumption,2
june,2
correctly,2
gave,2
admit,2
lacking,2
tucson,2
bottom,2
eight,2
reset,2
store,2
restrict,2
albuquerque,2
appreciable,2
afforded,2
rearview,2
mirror,2
98,2
minn,2
67,2
materialized,2
fuel,2
refining,2
interpreted,2
standard,2
moments,2
functioning,2
granular,2
municipal,2
framework,2
avoidance,2
occurs,2
colleague,2
milestones,2
43,2
09,2
recede,2
summary,2
resisted,2
coastlines,2
expanded,2
accounts,2
rare,2
immunizing,2
adulthood,2
hepatitis,2
reservoir,2
principle,2
durable,2
antibody,2
values,2
expectations,2
busy,2
23,2
reminiscent,2
align,2
exacerbate,2
collectively,2
management,2
nimble,2
piece,2
analyze,2
restricted,2
contributions,2
livelihood,2
continuous,2
anti,2
credit,2
enhanced,2
fixes,2
temporary,2
medicaid,2
plus,2
spike,2
societal,2
operating,2
factor,2
stressors,2
24,2
disorders,2
ethnic,2
sexually,2
transmitted,2
strained,2
materials,2
treatment,2
alarm,2
seventy,2
mothers,2
relationship,2
workforce,2
260,2
center,2
brought,2
sector,2
preferences,2
voices,2
silver,2
nyc,2
tandem,2
crucial,2
eliminated,2
enjoying,2
cut,2
reward,2
define,2
mont,2
panhandle,2
matching,2
explained,2
political,2
unrest,2
extends,2
louisville,2
ky,2
theories,2
revisited,2
moves,2
issued,2
unfold,2
fatigued,2
intended,2
leveling,2
33,2
nj,2
79,2
eagle,2
colo,2
latitude,2
feedback,2
aid,2
remove,2
interrupted,2
accomplish,2
compass,2
suffolk,2
fulton,2
dekalb,2
gripped,2
unequivocally,2
tulane,2
director,2
risen,2
preferred,2
semester,2
established,2
aggravate,2
meet,2
unenviable,2
misleading,2
really,2
waco,2
decelerated,2
wichita,2
conn,2
cape,2
cod,2
earliest,2
confluent,2
affecting,2
ann,2
arbor,2
spot,2
nc,2
chesapeake,2
tomorrow,2
article,2
infrequent,2
artifact,2
uniform,2
barnstable,2
removed,2
eyes,2
hoped,2
embracing,2
389,2
protests,2
hypothesized,2
subsequently,2
referred,2
tolerate,2
relaxing,2
historical,2
page,2
harris,2
feeder,2
repeatedly,2
trajectories,2
yakima,2
sit,2
whatever,2
spikes,2
emerges,2
offers,2
partnerships,2
supportive,2
34,2
surprising,2
ark,2
antidote,2
institutions,2
succeeded,2
succeed,2
surely,2
precautions,2
contribution,2
efficiency,2
accommodate,2
discount,2
diligently,2
predictive,2
illustrate,2
foresaw,2
risking,2
palm,2
crowding,2
surveying,2
acceptable,2
complementary,2
dakotas,2
notable,2
dictated,2
incrementally,2
deeper,2
academy,2
avoiding,2
alternative,2
stretch,2
blanket,2
venture,2
establish,2
fortifying,2
walls,2
blanketing,2
contrary,2
pushing,2
waning,2
cooling,2
nadir,2
resistance,2
gotten,2
conflict,2
professional,2
game,2
pull,2
shutter,2
clubs,2
strategic,2
thinking,2
acceptance,2
compromise,2
debut,2
regain,2
estimated,2
varies,2
monday,2
biweekly,2
subsides,2
gain,2
adequate,2
efficiently,2
undertake,2
revisit,2
types,2
normalize,2
airports,2
clayton,2
featured,2
dining,2
openings,2
attempts,2
via,2
imperative,2
topic,2
ending,2
anticipating,2
advocating,2
designated,2
enabling,2
served,2
purpose,2
affairs,2
excess,2
orange,2
involves,2
stall,2
emergencies,2
yesterday,2
didn,2
pragmatic,2
huang,2
assessed,2
reticent,2
unified,2
establishments,2
boulder,2
bellwether,2
mountains,2
facilitate,2
bloomington,2
match,2
arriving,2
amplitude,2
shreveport,2
partially,2
persistently,2
my,2
knew,2
necessarily,2
went,2
elected,2
products,2
intentionally,2
interdisciplinary,2
overarching,2
took,2
validated,2
refined,2
continuously,2
glimpse,2
constant,2
outset,2
nuance,2
absolutism,2
overestimating,2
star,2
confirmation,2
endangered,2
partnership,2
nothing,2
impressed,2
assisting,2
drew,2
permitted,2
carry,2
indicate,2
attributable,2
55,2
stalling,2
persistence,2
overinterpret,2
pass,2
milestone,2
pieces,2
undeterred,2
category,2
ashore,2
induced,2
prevented,2
grandchildren,2
excellent,2
controlled,2
thoughtful,2
helm,2
48,2
vail,2
37,2
park,2
68,2
brownsville,2
causing,2
overstate,2
broader,2
outliers,2
attempting,2
escape,2
engaging,2
defense,2
production,2
living,2
vital,2
rush,2
adapted,2
monetary,2
adoption,2
employers,2
sick,2
guaranteed,2
approved,2
psychological,2
countries,2
government,2
hhs,2
meantime,2
reduces,2
struggled,2
generally,2
legal,2
bolster,2
cracks,2
confusing,2
determined,2
fines,2
exceptions,2
escalating,2
mayor,2
policing,2
centralized,2
phone,2
systematically,2
collecting,2
analyzing,2
interagency,2
coordinate,2
refuse,2
stop,2
entering,2
uses,2
class,2
broadly,2
cooperatively,2
fit,2
principles,2
elevate,2
troubling,2
swept,2
squarely,2
emphasizes,2
informing,2
recipe,2
fuller,2
noise,2
slows,2
drawing,2
commonwealth,2
trailing,2
meaningful,2
adds,2
necessitating,2
unable,2
concentration,2
neutralizing,2
proves,2
temptation,2
multifactorial,2
durability,2
israel,2
plateaued,2
facilitating,2
comparison,2
drier,2
ultimate,2
forging,2
aren,2
distanced,2
introduce,2
siblings,2
transit,2
boosting,2
essence,2
releases,2
touch,2
controversial,2
aided,2
warming,2
inflated,2
squander,2
initiate,2
lift,2
preventable,2
leverage,2
ends,2
tolerance,2
odds,2
reality,2
campers,2
engage,2
congregating,2
prove,2
accommodating,2
acknowledging,2
susan,2
coffin,2
rochelle,2
wang,2
thankful,2
row,2
pockets,2
communicating,2
discussing,2
believes,2
shorten,2
taught,2
namely,2
backdrop,2
asking,2
conversation,2
wisdom,2
joined,2
her,2
retain,2
proactively,2
occupational,2
mechanism,2
security,2
occupying,2
informal,2
reserved,2
taken,2
armed,2
dade,2
conferred,2
transmissibility,2
administered,2
unusual,2
represents,2
genomic,2
diligent,2
thrilled,2
principals,2
interim,2
proud,2
xxx,2
assessments,2
genesee,2
posed,2
respect,2
remember,2
rebound,2
measurements,2
noticeable,2
rochester,2
detectable,2
presents,2
estimating,2
climbs,2
solely,2
saratoga,2
reference,2
grew,2
shuttered,2
ratio,2
bold,2
diagnostic,2
equitable,2
foundation,2
instill,2
binghamton,2
waiting,2
cherokee,2
pac,2
lowering,2
overlooked,2
0of,2
original,2
convincing,2
dialogue,2
adjusting,2
variations,2
abruptly,2
graders,2
weigh,2
feels,2
market,2
unc,2
mirrors,2
preparedness,2
solidify,2
subsiding,2
clustered,2
dashboards,2
altogether,2
resumes,2
validate,2
prediction,2
inaccurate,2
explored,2
enable,2
climate,2
zones,2
training,2
develops,1
fingertips,1
cook,1
substantiated,1
swiftly,1
cognizant,1
suppress,1
idea,1
probable,1
breadth,1
push,1
resurgent,1
eagerly,1
meetings,1
differing,1
mandated,1
endocrinologists,1
discovered,1
association,1
diabetes,1
investigated,1
missed,1
bubble,1
coaches,1
mentors,1
indisputable,1
impenetrable,1
propagating,1
extinguished,1
recurrent,1
rests,1
approvals,1
granted,1
ushering,1
additive,1
jumps,1
clair,1
peoria,1
stern,1
uniquely,1
proclivity,1
relies,1
abandonment,1
figures,1
cellphone,1
nonessential,1
retail,1
directionality,1
marker,1
religious,1
reclaimed,1
underestimating,1
catch,1
deepening,1
arbitrary,1
targets,1
concepts,1
delivering,1
unequivocal,1
extinguishes,1
communicate,1
circulation,1
claiming,1
matters,1
ensuing,1
justify,1
seasonally,1
pundits,1
neglects,1
underestimated,1
serves,1
posting,1
differs,1
prominent,1
worn,1
110,1
zone,1
imminent,1
incredible,1
scheduled,1
educators,1
outstripped,1
leaving,1
promising,1
dec,1
28,1
quarters,1
retold,1
blamed,1
ripe,1
whereas,1
autumn,1
subsided,1
founded,1
intensive,1
preserving,1
outweighs,1
rsv,1
normalization,1
closure,1
deliberations,1
considerate,1
refer,1
discontinue,1
caregiver,1
referral,1
conditional,1
simpler,1
acknowledges,1
coexist,1
normalizing,1
succeeding,1
hovers,1
brazil,1
soil,1
evolved,1
prisoners,1
reliant,1
dependent,1
deplete,1
chains,1
epidemiologists,1
predictors,1
narrow,1
slice,1
certainty,1
suspicions,1
courtesy,1
useful,1
termed,1
dashboard,1
tracked,1
consecutive,1
bed,1
count,1
tracks,1
multiplicative,1
tells,1
stopping,1
chapter,1
averaged,1
noticed,1
excepting,1
cincinnati,1
tempo,1
philly,1
consciously,1
deciding,1
deceleration,1
steeply,1
fate,1
enjoyment,1
indicative,1
rust,1
kan,1
53,1
86,1
minor,1
cautionary,1
reap,1
rewards,1
tranquil,1
sunday,1
successive,1
blanketed,1
conjecture,1
contradict,1
hypothesis,1
tenor,1
pessimistic,1
reemerge,1
coincides,1
getaways,1
shapes,1
car,1
jumping,1
flights,1
circulate,1
companions,1
governing,1
trip,1
inhale,1
cast,1
dark,1
shadow,1
tension,1
makings,1
myers,1
flaring,1
hammering,1
charles,1
plant,1
worthy,1
mainstream,1
blended,1
threatening,1
translates,1
surrounded,1
outlooks,1
wis,1
differ,1
hats,1
beast,1
featuring,1
highway,1
aligning,1
empiric,1
seeding,1
intensified,1
grocery,1
compounding,1
justice,1
margins,1
differentiator,1
worcester,1
newport,1
durham,1
raleigh,1
petersburg,1
conversely,1
unrelenting,1
clark,1
nine,1
uncoupling,1
intergenerational,1
proliferates,1
hints,1
implication,1
relate,1
hurdles,1
acceptability,1
garner,1
tenants,1
diagnosis,1
unsuspected,1
false,1
exclude,1
penetrable,1
1b,1
comprised,1
separated,1
plagued,1
positions,1
impediment,1
criteria,1
recipients,1
ups,1
downs,1
pave,1
mistrust,1
marginalized,1
logistics,1
email,1
announcing,1
kristen,1
honey,1
chief,1
scientist,1
unspoken,1
heroes,1
remarked,1
sport,1
divisive,1
replacement,1
prerequisite,1
underutilized,1
obtaining,1
volumes,1
processes,1
objective,1
placing,1
luckily,1
variety,1
commonly,1
polymerase,1
reaction,1
section,1
refers,1
saliva,1
comfortable,1
newer,1
expensive,1
activate,1
davis,1
danger,1
mail,1
batched,1
collect,1
laboratory,1
stored,1
retest,1
sampling,1
equipment,1
creative,1
sources,1
diverse,1
foundations,1
fundraising,1
donors,1
harvard,1
cares,1
dollars,1
laboratories,1
parent,1
virologist,1
creativity,1
patchwork,1
pursuant,1
utilizes,1
binaxnow,1
amplification,1
purposes,1
underserved,1
156,1
reassures,1
diversify,1
scan,1
technical,1
reconsidering,1
4th,1
sc,1
distressing,1
retreating,1
depleted,1
mayors,1
instituted,1
diversity,1
spotty,1
deflect,1
marching,1
deteriorate,1
quiet,1
joins,1
contiguous,1
talking,1
reporters,1
dates,1
delaying,1
engine,1
aside,1
lacked,1
buffer,1
salvage,1
enacting,1
agreed,1
winning,1
fill,1
bodes,1
noticeably,1
jeopardize,1
restaurant,1
cumulative,1
discounting,1
validations,1
scattered,1
220,1
184,1
remarkable,1
repeat,1
promoted,1
daylight,1
stability,1
needing,1
choice,1
tunnel,1
gone,1
honolulu,1
mardi,1
gras,1
deliberating,1
debated,1
distilling,1
stood,1
specificity,1
numeric,1
conservative,1
approximate,1
guides,1
guardrails,1
critique,1
surrounds,1
barrier,1
rigid,1
operated,1
inherent,1
qualifying,1
language,1
readiness,1
alignment,1
pertinent,1
label,1
initiated,1
perceived,1
intuitive,1
method,1
observance,1
benches,1
games,1
musical,1
brass,1
choral,1
singing,1
ensembles,1
equitably,1
musicals,1
signature,1
rhonda,1
boyd,1
poignant,1
missing,1
teen,1
talked,1
slowest,1
paralleled,1
tow,1
quicker,1
persuade,1
vein,1
commentary,1
disagrees,1
immunize,1
1960s,1
1995,1
fatal,1
condition,1
affected,1
contributes,1
pathogens,1
papillomavirus,1
hpv,1
infancy,1
immunocompromised,1
reflected,1
immunologic,1
underway,1
immensely,1
magnified,1
scores,1
chart,1
afoot,1
freed,1
summarize,1
accounting,1
marks,1
confront,1
isolating,1
adopting,1
disrupt,1
curriculum,1
reflections,1
uneven,1
inequitable,1
responded,1
welfare,1
administrators,1
programming,1
pivotal,1
philanthropic,1
postpartum,1
investments,1
tax,1
unemployment,1
halve,1
freeze,1
disenrollment,1
declared,1
sponsored,1
provisions,1
undocumented,1
immigrants,1
undermining,1
flowing,1
catalyzed,1
relation,1
citizens,1
promotion,1
counseling,1
developmental,1
posited,1
striking,1
obesity,1
moreover,1
sexual,1
disconnection,1
interruptions,1
therapeutic,1
familial,1
hardship,1
concurrent,1
trauma,1
forms,1
racism,1
17,1
influx,1
unmet,1
sleep,1
eating,1
stressed,1
overwhelmingly,1
amounts,1
distress,1
minority,1
rampant,1
violent,1
ceasefirepa,1
surveyed,1
alarming,1
stis,1
adolescent,1
specialists,1
detrimental,1
ignoring,1
drawn,1
preventive,1
deferred,1
tip,1
iceberg,1
women,1
infusion,1
reeling,1
permanently,1
suffered,1
employment,1
financially,1
affordability,1
ingenuity,1
resiliency,1
indicated,1
referrals,1
restore,1
accessibility,1
demands,1
administrative,1
serving,1
immigrant,1
grapple,1
listen,1
differently,1
reimagining,1
linings,1
systemic,1
accelerates,1
mountainous,1
y,1
wisc,1
m,1
72,1
eclipsed,1
navajo,1
markedly,1
66,1
69,1
triple,1
pushes,1
omnipresent,1
traditions,1
celebratory,1
infirmed,1
suboptimal,1
asymptomatically,1
travelling,1
corners,1
illustration,1
transmitting,1
wished,1
planful,1
carefulness,1
haul,1
patient,1
unintended,1
wishes,1
celebrating,1
winds,1
coinciding,1
dumps,1
discerning,1
228,1
grand,1
747,1
giving,1
missoula,1
cheyenne,1
wyo,1
eugene,1
augusta,1
corpus,1
christi,1
ordinances,1
overdue,1
troublesome,1
exacerbating,1
ebb,1
confers,1
relevance,1
overestimated,1
inspired,1
outrage,1
experiment,1
regress,1
muster,1
glimmers,1
embolden,1
shall,1
read,1
aligns,1
fifteen,1
ninety,1
tale,1
halves,1
canyon,1
gallatin,1
outnumber,1
global,1
infants,1
inadequate,1
presenting,1
clinically,1
reassess,1
transitional,1
directors,1
collaboratively,1
nassau,1
ceiling,1
lies,1
generations,1
deliver,1
distributed,1
recommit,1
pipeline,1
sentinel,1
champaign,1
assuring,1
appointed,1
rachelle,1
walensky,1
principal,1
author,1
manuscript,1
examining,1
cited,1
underneath,1
tighter,1
wade,1
conflicting,1
jeopardy,1
korea,1
arlington,1
alternate,1
uncrowded,1
unraveling,1
distinctions,1
traversing,1
clouds,1
kernels,1
figuring,1
pathway,1
culture,1
individualism,1
bag,1
burn,1
indifferent,1
befalling,1
aggravating,1
haven,1
lately,1
precede,1
94,1
battle,1
creek,1
internal,1
debuted,1
rankings,1
shoreline,1
asheville,1
tightening,1
reliability,1
hang,1
dating,1
fluctuation,1
creates,1
undermines,1
discern,1
variance,1
jump,1
stopped,1
equaling,1
fairfax,1
suburb,1
deserve,1
ocean,1
grave,1
substantiating,1
occupy,1
equal,1
destabilization,1
controlling,1
stem,1
ball,1
television,1
sacrifice,1
usher,1
upheaval,1
heartbreak,1
flocked,1
roughly,1
ill,1
evaluated,1
combating,1
richer,1
foreseeing,1
scarce,1
memphis,1
rule,1
mimic,1
hotspot,1
38,1
encounters,1
tab,1
landing,1
poconos,1
categorize,1
weighing,1
respite,1
correct,1
favorite,1
baseball,1
pima,1
pinal,1
punch,1
spurned,1
celebrations,1
essentials,1
comments,1
appreciative,1
thoroughness,1
frustration,1
aggressively,1
lobby,1
irrespective,1
strive,1
manner,1
carried,1
feasibly,1
constructive,1
sheltered,1
interactions,1
premature,1
comparisons,1
myocardial,1
inflammation,1
athletics,1
fayetteville,1
tallahassee,1
triangle,1
duke,1
cloistered,1
pursuits,1
upshot,1
bullish,1
schoolers,1
healthier,1
conceivable,1
norms,1
speeds,1
mix,1
capability,1
facility,1
flare,1
tradeoff,1
economies,1
unnecessary,1
factories,1
ignite,1
stressing,1
travels,1
collide,1
humid,1
snapshots,1
inconveniences,1
washing,1
hands,1
bismarck,1
fare,1
optimal,1
cocoon,1
umbrella,1
grappled,1
disrupted,1
exempting,1
board,1
solved,1
unmask,1
lunchroom,1
lancet,1
consent,1
exhale,1
prolong,1
curb,1
retreat,1
faces,1
principally,1
benefiting,1
married,1
exponential,1
lapsing,1
lining,1
slopes,1
heavy,1
lebanon,1
berks,1
lancaster,1
protections,1
arising,1
competition,1
acquire,1
augmented,1
titans,1
vikings,1
players,1
sample,1
meals,1
journeys,1
ventilated,1
honing,1
realistic,1
commits,1
breaches,1
layering,1
choirs,1
drama,1
sized,1
accommodation,1
disagreements,1
bet,1
restoring,1
input,1
peaking,1
westward,1
topping,1
anxious,1
administer,1
heavily,1
skewed,1
smooth,1
batching,1
lengths,1
jointly,1
timely,1
encourages,1
self,1
reception,1
jarring,1
plausible,1
inquired,1
lunches,1
ply,1
surgical,1
stripping,1
traumatized,1
boosters,1
reconsider,1
doublings,1
realize,1
amarillo,1
follows,1
bumps,1
couldn,1
noticing,1
reagan,1
dulles,1
liberty,1
coincidental,1
happenings,1
emphasized,1
france,1
instituting,1
notion,1
impede,1
french,1
generalizable,1
classes,1
warranted,1
municipality,1
formal,1
inquiries,1
professions,1
jobs,1
expedite,1
envision,1
disabilities,1
undetected,1
throws,1
hastened,1
warranting,1
shares,1
160,1
440,1
marion,1
reflecting,1
valentine,1
presidents,1
foreshadow,1
employed,1
emulate,1
matched,1
demographic,1
breakdown,1
wane,1
studied,1
applicable,1
lifted,1
retrospective,1
saved,1
pandemics,1
desired,1
blogged,1
mount,1
reject,1
jeopardizes,1
interconnected,1
entities,1
front,1
flagstaff,1
interior,1
blue,1
ridge,1
appalachia,1
juneau,1
denoted,1
eastern,1
seaboard,1
transpiring,1
incomplete,1
ames,1
frame,1
invokes,1
seroprevalence,1
thwart,1
infused,1
superimposed,1
perfectly,1
counted,1
suddenly,1
load,1
denominator,1
numerator,1
falsely,1
misled,1
tarrant,1
stricter,1
totals,1
abound,1
scene,1
undervaccination,1
blogging,1
sixty,1
muncie,1
baton,1
rouge,1
chattanooga,1
sioux,1
temporal,1
broward,1
surpasses,1
famous,1
economist,1
john,1
maynard,1
keynes,1
quipped,1
sir,1
590,1
losing,1
visualized,1
furiously,1
devised,1
anchoring,1
willing,1
macro,1
utility,1
vastly,1
lens,1
basis,1
pen,1
assembled,1
expertise,1
communications,1
visualization,1
inputs,1
twists,1
constantly,1
biases,1
analyses,1
accompanying,1
deliberate,1
executed,1
yourself,1
attitudes,1
innumerable,1
integrate,1
elements,1
generative,1
computed,1
applying,1
ebola,1
statistical,1
iteratively,1
producing,1
lasting,1
cards,1
recalibration,1
fitness,1
advocated,1
onward,1
smart,1
base,1
hyperbole,1
beware,1
fervor,1
stakeholders,1
mounting,1
circumspect,1
standpoint,1
damaging,1
leader,1
constituents,1
conceive,1
balancing,1
freedoms,1
valued,1
dug,1
weighed,1
prescriptive,1
judgment,1
charged,1
shaping,1
humbled,1
ire,1
rejected,1
science,1
bitter,1
divisions,1
wedged,1
lesson,1
settling,1
persisting,1
md,1
charlottesville,1
downward,1
peering,1
anniversary,1
claimed,1
darkness,1
print,1
rivals,1
meaning,1
predicament,1
perpetual,1
impending,1
fan,1
warned,1
plummet,1
deceptive,1
speculates,1
peppered,1
bestowed,1
unspeakable,1
overwhelming,1
stoking,1
diagnosing,1
deviating,1
schedule,1
hurry,1
ignore,1
physically,1
company,1
blunted,1
incoming,1
relying,1
trek,1
consecutively,1
27,1
blaine,1
abilene,1
laredo,1
counterparts,1
witness,1
lends,1
annual,1
dictate,1
biden,1
broaden,1
discard,1
portray,1
doom,1
gloom,1
apathy,1
stimulate,1
mindset,1
abilities,1
fortunes,1
vision,1
mistakes,1
tackle,1
invocation,1
harbinger,1
embed,1
halting,1
overcoming,1
customized,1
regarded,1
sleeves,1
nola,1
campaign,1
scale,1
proved,1
maintenance,1
incentives,1
reimbursement,1
bridge,1
shouldn,1
answering,1
distributing,1
lessens,1
depression,1
magnify,1
segment,1
assures,1
parity,1
unbelievably,1
dedicated,1
communication,1
amplify,1
deficiencies,1
envisioning,1
threats,1
got,1
sophisticated,1
transparency,1
nimbly,1
flaws,1
fixed,1
ideas,1
tangled,1
preliminary,1
incited,1
controversy,1
contextualize,1
scans,1
authority,1
compiled,1
exploring,1
someone,1
exemption,1
breathing,1
black,1
men,1
profiling,1
ranging,1
ideological,1
opposition,1
openly,1
refusing,1
assaults,1
purview,1
coordination,1
ambiguous,1
definitions,1
complicate,1
prohibit,1
earn,1
gross,1
receipts,1
alcoholic,1
beverages,1
impose,1
classifies,1
ticketing,1
issuing,1
progressively,1
harsher,1
violate,1
arrest,1
francis,1
suarez,1
santa,1
monica,1
hermosa,1
hired,1
contractors,1
discriminatory,1
infringement,1
rights,1
streamline,1
complaints,1
hotline,1
database,1
legitimate,1
joke,1
confusion,1
violation,1
body,1
organized,1
comply,1
penalizing,1
obey,1
cite,1
patrons,1
trespassing,1
muriel,1
browser,1
instructions,1
relieve,1
investment,1
inspectors,1
mobilized,1
fine,1
wherever,1
firms,1
loosening,1
red,1
tape,1
interviews,1
express,1
sincere,1
dedication,1
striving,1
brainstorm,1
cocktails,1
temporarily,1
reclassified,1
wineries,1
distilleries,1
designation,1
accurately,1
sidewalks,1
parking,1
penalize,1
afloat,1
surveilling,1
pertain,1
indication,1
entail,1
hundred,1
tens,1
seemed,1
clearwater,1
hearing,1
padre,1
feeling,1
compound,1
slide,1
captivated,1
provo,1
displacement,1
sheltering,1
smoke,1
pollution,1
retirees,1
distinguish,1
versus,1
riverside,1
prison,1
mutually,1
exclusive,1
invoke,1
swiftness,1
endured,1
catches,1
renders,1
forego,1
sharing,1
58,1
skewing,1
picked,1
rocky,1
sound,1
shield,1
isolated,1
anxieties,1
temporally,1
premise,1
influenced,1
modifiable,1
evade,1
judicious,1
guarantee,1
predictor,1
beta,1
gamma,1
traction,1
tolerant,1
antibodies,1
producers,1
poised,1
unwelcome,1
hysteria,1
propensity,1
mutate,1
scientists,1
fundamentals,1
03,1
flux,1
written,1
elimination,1
provoke,1
clean,1
uncertainly,1
yearly,1
decide,1
initially,1
proclamation,1
anytime,1
ended,1
disappointed,1
occasional,1
humans,1
existed,1
centuries,1
co,1
clinics,1
techniques,1
israelis,1
freedom,1
incentive,1
exchange,1
pinpoint,1
quicken,1
awaited,1
footprints,1
committing,1
fortitude,1
conceding,1
forming,1
exists,1
unpack,1
unrealistic,1
flawed,1
pursued,1
failures,1
opens,1
screened,1
accrued,1
chances,1
unregulated,1
transport,1
enact,1
assigning,1
seats,1
grouping,1
cohorts,1
volunteer,1
monitors,1
driver,1
riding,1
tiered,1
absolutely,1
comprehensive,1
universally,1
temptations,1
intervals,1
involve,1
engagement,1
shields,1
daycare,1
kindergarten,1
youngest,1
understands,1
warm,1
basketball,1
ice,1
hockey,1
flying,1
blind,1
protocol,1
timelier,1
pairing,1
spent,1
hunkered,1
confinement,1
capitals,1
unfolded,1
87,1
shortened,1
hair,1
salons,1
cell,1
equates,1
intervene,1
paint,1
binary,1
hasn,1
selectively,1
painting,1
german,1
chancellor,1
angela,1
merkel,1
sophistication,1
intend,1
96,1
73,1
smoldering,1
scrambling,1
ceremonies,1
finish,1
depends,1
weren,1
mainstays,1
ignores,1
uniqueness,1
deemed,1
hire,1
sleepaway,1
servicing,1
participant,1
circumstance,1
relinquishing,1
depending,1
predominantly,1
adjunctive,1
overnight,1
boarding,1
strictly,1
equation,1
unimmunized,1
accepts,1
omni,1
sunset,1
periodic,1
remiss,1
thank,1
lindsay,1
capozzi,1
laura,1
cavello,1
sophia,1
koby,1
crammer,1
tyler,1
derubio,1
maggie,1
eisen,1
gerber,1
deanna,1
marshall,1
meredith,1
matone,1
morris,1
pennington,1
radhika,1
purandare,1
rebecka,1
rosenquist,1
kathryn,1
saulinas,1
lihai,1
song,1
vicky,1
tam,1
gregory,1
tasian,1
lauren,1
walens,1
xi,1
zi,1
indirect,1
eleven,1
stays,1
persisted,1
tied,1
diminished,1
eagerness,1
preparations,1
leveraged,1
topics,1
comment,1
thoughts,1
backbone,1
foreseeable,1
whooping,1
cough,1
pertussis,1
simplest,1
abbreviated,1
footprint,1
shortening,1
consideration,1
investing,1
capabilities,1
thrice,1
inconsequential,1
length,1
conceivably,1
decant,1
appreciably,1
approve,1
unconventional,1
application,1
commence,1
eradicated,1
upended,1
lifetime,1
undo,1
crested,1
cresting,1
british,1
hosted,1
titled,1
drs,1
paul,1
offit,1
commissioner,1
anglica,1
infante,1
ms,1
barbara,1
bungy,1
spoke,1
sindhu,1
srinivas,1
obstetrical,1
pregnant,1
lactating,1
expecting,1
disappointing,1
split,1
allocations,1
parallel,1
reinforces,1
advocate,1
responders,1
scheme,1
aides,1
insufficiently,1
graded,1
technologies,1
collaborative,1
launched,1
avoids,1
establishing,1
expansion,1
coupling,1
format,1
goes,1
icus,1
distracted,1
presidential,1
election,1
overrun,1
urgently,1
proposes,1
deadline,1
preparation,1
lightening,1
curfew,1
civil,1
defy,1
regulations,1
commercial,1
flouting,1
diagnosed,1
strategically,1
outpacing,1
fostering,1
36,1
worries,1
valid,1
win,1
caring,1
instilled,1
rally,1
relieved,1
sequence,1
feature,1
resort,1
prudent,1
seniors,1
conscientious,1
spacing,1
synchronously,1
steam,1
ease,1
regaining,1
78,1
108,1
142,1
bexar,1
610,1
okla,1
460,1
425,1
creep,1
hartsfield,1
confused,1
contagiousness,1
intrinsic,1
2009,1
winters,1
discusses,1
concept,1
multisystem,1
refrain,1
walk,1
loosen,1
121,1
precondition,1
initiative,1
xx,1
315,1
parochial,1
paved,1
infrequency,1
picking,1
prevalent,1
stepping,1
818,1
93,1
intensity,1
obviate,1
complacency,1
susceptibility,1
conspire,1
weaken,1
reinforcing,1
residences,1
recognition,1
immunization,1
communicable,1
wise,1
larochelle,1
authorship,1
notwithstanding,1
preclude,1
artists,1
athletic,1
steepest,1
tahoe,1
320,1
lend,1
hastening,1
projection,1
surprisingly,1
debuting,1
introduction,1
consistency,1
saturation,1
deriving,1
calibrating,1
informative,1
output,1
weighted,1
reemerging,1
parse,1
syracuse,1
aberration,1
preceding,1
backlogs,1
accessing,1
tended,1
dip,1
mondays,1
former,1
interpretations,1
fanning,1
prospect,1
translated,1
sadly,1
topline,1
sharply,1
00,1
spiking,1
piqued,1
content,1
replicate,1
disconcerting,1
educated,1
opting,1
relationships,1
anything,1
europe,1
garnered,1
aforementioned,1
existence,1
ushers,1
reverting,1
disruptive,1
stubborn,1
millions,1
logistical,1
trusted,1
initiating,1
rubin,1
advancing,1
components,1
operationalized,1
consultation,1
facilitated,1
comprehensively,1
unnecessarily,1
perform,1
intent,1
embark,1
harrisburg,1
intermediate,1
units,1
enroll,1
pausing,1
cover,1
seventeen,1
filled,1
familiar,1
buttressed,1
phases,1
warns,1
350,1
understood,1
inside,1
thereby,1
dry,1
promote,1
desiccate,1
eastward,1
recalibrated,1
merits,1
decided,1
minimizing,1
functional,1
focuses,1
equipping,1
advice,1
alleviated,1
differential,1
hallmark,1
179,1
noteworthy,1
270,1
erie,1
precipitous,1
decoupling,1
muted,1
blunting,1
initiation,1
californian,1
kaiser,1
poll,1
table,1
750,1
stamp,1
flames,1
tops,1
proposed,1
tout,1
disney,1
accepted,1
shine,1
usual,1
actors,1
problematic,1
plod,1
disconnect,1
frustrating,1
malalignment,1
erodes,1
defiance,1
books,1
dressing,1
reinstated,1
hampton,1
roads,1
gyms,1
governance,1
theoretically,1
evers,1
court,1
overturning,1
cracking,1
pale,1
tragic,1
delay,1
buying,1
shakes,1
seemingly,1
glaring,1
sent,1
900,1
aspect,1
cobb,1
faring,1
lexington,1
knoxville,1
conferences,1
hoping,1
optimists,1
exceptional,1
job,1
prospects,1
managed,1
supreme,1
skill,1
resurging,1
paralyze,1
agreement,1
dave,1
greg,1
alterations,1
sourced,1
usafacts,1
org,1
zip,1
codes,1
trending,1
cool,1
king,1
suggestions,1
prognostications,1
summertime,1
figure,1
displays,1
linear,1
combine,1
degrees,1
vertical,1
axis,1
reproduced,1
817,1
strikingly,1
graph,1
suspend,1
inoculum,1
drill,1
households,1
proceeded,1
barring,1
tremendously,1
meticulous,1
searching,1
comforting,1
undertaking,1
maturity,1
substantive,1
reliance,1
uncontrolled,1
evidenced,1
calibrate,1
honest,1
ramp,1
05,1
89,1
countered,1
foster,1
oppose,1
vacillation,1
overly,1
ambitious,1
disagree,1
eldest,1
targeting,1
throw,1
deficits,1
transportation,1
kindergarteners,1
contemplating,1
retraining,1
concluding,1
lane,1
markers,1
confronting,1
perspectives,1
disengagement,1
minimal,1
independently,1
paths,1
acclimate,1
gleaned,1
whichever,1
exciting,1
trapped,1
buckle,1
ride,1
kits,1
midsection,1
official,1
lengthened,1
optimistically,1
berlin,1
seoul,1
stateside,1
reverted,1
550,1
tripled,1
mention,1
pretty,1
door,1
daycares,1
ran,1
outperforming,1
passaic,1
weathered,1
math,1
fresno,1
sonoma,1
napa,1
chico,1
presume,1
devastating,1
wildfires,1
reactions,1
streamed,1
cautioned,1
anchors,1
goals,1
regret,1
firming,1
fraction,1
positives,1
unreasonable,1
multiplied,1
marries,1
procedural,1
letter,1
enrolled,1
recalibrating,1
nuances,1
easter,1
passover,1
unease,1
triggering,1
guarded,1
lifting,1
triggered,1
aptly,1
described,1
ripple,1
transitioned,1
buy,1
homed,1
outreach,1
linking,1
reinstating,1
treatments,1
therapies,1
continuation,1
mandatory,1
destined,1
comparable,1
deconstruct,1
scaffolding,1
generational,1
mission,1
rewarding,1
spirit,1
logical,1
overcrowding,1
notified,1
sacrificed,1
deterrent,1
hosting,1
catching,1
intends,1
cadence,1
link,1
twitter,1
connect,1
varied,1
spotlight,1
fraternities,1
sororities,1
spurring,1
unscathed,1
trouble,1
shaped,1
defines,1
tippecanoe,1
reflective,1
pledge,1
lewisburg,1
bloomsburg,1
spiral,1
dispersing,1
pledges,1
greek,1
surround,1
proactive,1
reactive,1
stemming,1
send,1
irish,1
press,1
harm,1
validity,1
totally,1
texan,1
kenosha,1
suit,1
hartford,1
earnest,1
italy,1
mirage,1
quadrupled,1
overstretched,1
lagged,1
fueled,1
publicized,1
provincetown,1
pointed,1
questioned,1
norm,1
willingness,1
utilize,1
nudge,1
upward,1
vulnerabilities,1
arise,1
farther,1
figurative,1
sea,1
recurrence,1
endure,1
session,1
aap,1
disappointment,1
quieter,1
summers,1
scuttle,1
deciphering,1
town,1
fared,1
villanova,1
pressures,1
del,1
lowered,1
unsure,1
plague,1
politicization,1
compacts,1
weakens,1
judge,1
overturned,1
tom,1
wolf,1
faltering,1
lifetimes,1
jeopardizing,1
sacrifices,1
shifted,1
accepting,1
capable,1
02,1
prompts,1
calls,1
steeper,1
dissipate,1
restraint,1
probability,1
studying,1
variably,1
reading,1
headlines,1
proclaims,1
conclusions,1
tendency,1
generalize,1
replicated,1
preponderance,1
spaced,1
maximizing,1
safest,1
gymnasiums,1
fields,1
inefficient,1
cites,1
predate,1
compelling,1
conferring,1
webpage,1
venue,1
discouraging,1
organizers,1
band,1
choir,1
singers,1
flexing,1
lingering,1
promised,1
mapping,1
methodology,1
formulate,1
compelled,1
delve,1
extrapolate,1
outlying,1
estimation,1
incorporates,1
simplistic,1
protects,1
adaptable,1
unmeasured,1
revising,1
phenomena,1
climates,1
marine,1
separating,1
weeds,1
subsets,1
selected,1
smallest,1
plot,1
root,1
approximated,1
evaluate,1
refine,1
evolves,1
progresses,1
